source,target,ml_importance,source_name,target_name
CL=F,ONGC.NS,0.24526478327292303,Crude Oil,ONGC
CL=F,HINDUNILVR.NS,0.2268809330191468,Crude Oil,Hindustan Unilever
GC=F,INR=X,0.17517836950868695,Gold,USD/INR
ITC.NS,ICICIBANK.NS,0.13124255568225235,ITC,ICICI Bank
SUNPHARMA.NS,HCLTECH.NS,0.12768657110651319,Sun Pharma,HCL Tech
ITC.NS,SBIN.NS,0.12438230639260521,ITC,SBI
HCLTECH.NS,TMPV.NS,0.11783352560496912,HCL Tech,Tata Motors Passenger Vehicles
ICICIBANK.NS,^NSEI,0.10455197792462816,ICICI Bank,NIFTY 50
BAJFINANCE.NS,TCS.NS,0.09970406344226063,Bajaj Finance,TCS
SBIN.NS,ITC.NS,0.09680623132905578,SBI,ITC
GC=F,DRREDDY.NS,0.09503661731796273,Gold,Dr Reddy's
RELIANCE.NS,ITC.NS,0.09370375772184994,Reliance,ITC
SUNPHARMA.NS,MARUTI.NS,0.09296162361038544,Sun Pharma,Maruti Suzuki
AXISBANK.NS,GC=F,0.09292567855440258,Axis Bank,Gold
SUNPHARMA.NS,M&M.NS,0.09261237598956434,Sun Pharma,Mahindra & Mahindra
SUNPHARMA.NS,BAJFINANCE.NS,0.08742015282824216,Sun Pharma,Bajaj Finance
INR=X,CL=F,0.08719864270706613,USD/INR,Crude Oil
RELIANCE.NS,CL=F,0.08710547766408988,Reliance,Crude Oil
ICICIBANK.NS,BAJAJFINSV.NS,0.08626100247735123,ICICI Bank,Bajaj Finserv
^NSEI,MARUTI.NS,0.08537482413785788,NIFTY 50,Maruti Suzuki
ONGC.NS,HINDUNILVR.NS,0.08274141281362127,ONGC,Hindustan Unilever
GC=F,TCS.NS,0.08175939216144475,Gold,TCS
GC=F,WIPRO.NS,0.08173352616877733,Gold,Wipro
SUNPHARMA.NS,BAJAJFINSV.NS,0.08170609264169766,Sun Pharma,Bajaj Finserv
GODREJPROP.NS,GC=F,0.08148175806177864,Godrej Properties,Gold
^NSEI,^NSEBANK,0.08119083906326029,NIFTY 50,Bank Nifty
DLF.NS,SBIN.NS,0.08117919930485046,DLF,SBI
SUNPHARMA.NS,INFY.NS,0.08031194073368071,Sun Pharma,Infosys
RELIANCE.NS,ONGC.NS,0.08018579755951048,Reliance,ONGC
HCLTECH.NS,DLF.NS,0.0798745692425469,HCL Tech,DLF
ICICIBANK.NS,TMPV.NS,0.07886825439577384,ICICI Bank,Tata Motors Passenger Vehicles
RELIANCE.NS,HINDUNILVR.NS,0.07873824204492572,Reliance,Hindustan Unilever
RELIANCE.NS,BAJFINANCE.NS,0.07818440090564166,Reliance,Bajaj Finance
DLF.NS,GODREJPROP.NS,0.07759974881687522,DLF,Godrej Properties
ICICIBANK.NS,M&M.NS,0.07715837383177648,ICICI Bank,Mahindra & Mahindra
^NSEBANK,SUNPHARMA.NS,0.07649361619938816,Bank Nifty,Sun Pharma
^NSEBANK,CL=F,0.07538551404876663,Bank Nifty,Crude Oil
SUNPHARMA.NS,^NSEBANK,0.07456938142828025,Sun Pharma,Bank Nifty
CL=F,MARUTI.NS,0.07345209350962917,Crude Oil,Maruti Suzuki
MARUTI.NS,GODREJPROP.NS,0.07327057351467194,Maruti Suzuki,Godrej Properties
DLF.NS,SUNPHARMA.NS,0.07255071807719425,DLF,Sun Pharma
^NSEI,HDFCBANK.NS,0.07193726614115761,NIFTY 50,HDFC Bank
ONGC.NS,SBIN.NS,0.07157506313172018,ONGC,SBI
BAJFINANCE.NS,GODREJPROP.NS,0.07111762887733436,Bajaj Finance,Godrej Properties
DLF.NS,RELIANCE.NS,0.0710372548762067,DLF,Reliance
TMPV.NS,BAJAJFINSV.NS,0.07100599878997775,Tata Motors Passenger Vehicles,Bajaj Finserv
ONGC.NS,AXISBANK.NS,0.07086062781367589,ONGC,Axis Bank
ICICIBANK.NS,BAJFINANCE.NS,0.07045719642440504,ICICI Bank,Bajaj Finance
^NSEI,INR=X,0.0700536035208734,NIFTY 50,USD/INR
CL=F,HCLTECH.NS,0.07000417558568925,Crude Oil,HCL Tech
^NSEI,TMPV.NS,0.06998373254343156,NIFTY 50,Tata Motors Passenger Vehicles
GODREJPROP.NS,TCS.NS,0.06959395482519612,Godrej Properties,TCS
DRREDDY.NS,HCLTECH.NS,0.06949654733546806,Dr Reddy's,HCL Tech
DLF.NS,^NSEBANK,0.06913685744694731,DLF,Bank Nifty
ICICIBANK.NS,^NSEBANK,0.06872874443564295,ICICI Bank,Bank Nifty
DLF.NS,MARUTI.NS,0.06846063447926448,DLF,Maruti Suzuki
GC=F,INFY.NS,0.06826564253166495,Gold,Infosys
CL=F,INFY.NS,0.06817796721531609,Crude Oil,Infosys
BAJAJFINSV.NS,SUNPHARMA.NS,0.06813474514509563,Bajaj Finserv,Sun Pharma
MARUTI.NS,DRREDDY.NS,0.06799802319629998,Maruti Suzuki,Dr Reddy's
RELIANCE.NS,^NSEBANK,0.067103704575419,Reliance,Bank Nifty
BAJFINANCE.NS,SUNPHARMA.NS,0.06618764322804839,Bajaj Finance,Sun Pharma
HDFCBANK.NS,TMPV.NS,0.06601398258695418,HDFC Bank,Tata Motors Passenger Vehicles
GODREJPROP.NS,^NSEI,0.06600404681446013,Godrej Properties,NIFTY 50
SUNPHARMA.NS,SBIN.NS,0.06559634358402062,Sun Pharma,SBI
MARUTI.NS,ICICIBANK.NS,0.06545335965233735,Maruti Suzuki,ICICI Bank
^NSEI,RELIANCE.NS,0.06501310873214819,NIFTY 50,Reliance
DRREDDY.NS,ICICIBANK.NS,0.06481487696091671,Dr Reddy's,ICICI Bank
SBIN.NS,BAJFINANCE.NS,0.06477518956710254,SBI,Bajaj Finance
SUNPHARMA.NS,HDFCBANK.NS,0.06396931396630262,Sun Pharma,HDFC Bank
SUNPHARMA.NS,ITC.NS,0.06369440364669346,Sun Pharma,ITC
ONGC.NS,^NSEI,0.06345263551149342,ONGC,NIFTY 50
GODREJPROP.NS,AXISBANK.NS,0.06327010847521193,Godrej Properties,Axis Bank
ITC.NS,DRREDDY.NS,0.06316168321067027,ITC,Dr Reddy's
ITC.NS,HDFCBANK.NS,0.06287519605096406,ITC,HDFC Bank
ICICIBANK.NS,DLF.NS,0.06192920378029672,ICICI Bank,DLF
HINDUNILVR.NS,DLF.NS,0.06189776491710387,Hindustan Unilever,DLF
RELIANCE.NS,^NSEI,0.061682852311298164,Reliance,NIFTY 50
INR=X,AXISBANK.NS,0.06166629499951982,USD/INR,Axis Bank
GC=F,SUNPHARMA.NS,0.06155477309080655,Gold,Sun Pharma
ITC.NS,^NSEBANK,0.061356085800472346,ITC,Bank Nifty
BAJFINANCE.NS,AXISBANK.NS,0.06125803642305067,Bajaj Finance,Axis Bank
GODREJPROP.NS,RELIANCE.NS,0.060960544142424654,Godrej Properties,Reliance
MARUTI.NS,INR=X,0.06034076088148674,Maruti Suzuki,USD/INR
ITC.NS,MARUTI.NS,0.05995515543965706,ITC,Maruti Suzuki
MARUTI.NS,BAJFINANCE.NS,0.05988802201043557,Maruti Suzuki,Bajaj Finance
ONGC.NS,RELIANCE.NS,0.05904274628287673,ONGC,Reliance
DLF.NS,BAJFINANCE.NS,0.05902366488142444,DLF,Bajaj Finance
HINDUNILVR.NS,GC=F,0.058540070622381445,Hindustan Unilever,Gold
SUNPHARMA.NS,^NSEI,0.0584992437737598,Sun Pharma,NIFTY 50
SUNPHARMA.NS,AXISBANK.NS,0.058486469342863605,Sun Pharma,Axis Bank
GODREJPROP.NS,HDFCBANK.NS,0.05816860932751142,Godrej Properties,HDFC Bank
^NSEI,DLF.NS,0.057962349329292555,NIFTY 50,DLF
MARUTI.NS,BAJAJFINSV.NS,0.05791454806395067,Maruti Suzuki,Bajaj Finserv
ONGC.NS,INFY.NS,0.05748495881077815,ONGC,Infosys
DLF.NS,^NSEI,0.05726160623396396,DLF,NIFTY 50
^NSEI,AXISBANK.NS,0.056828784774766286,NIFTY 50,Axis Bank
MARUTI.NS,^NSEBANK,0.056149872031600774,Maruti Suzuki,Bank Nifty
MARUTI.NS,WIPRO.NS,0.056116890303830304,Maruti Suzuki,Wipro
SBIN.NS,M&M.NS,0.05591200156553066,SBI,Mahindra & Mahindra
M&M.NS,GC=F,0.0558841504641576,Mahindra & Mahindra,Gold
TCS.NS,CL=F,0.05570004955927788,TCS,Crude Oil
RELIANCE.NS,GODREJPROP.NS,0.05566559993211162,Reliance,Godrej Properties
GODREJPROP.NS,M&M.NS,0.05516121112167451,Godrej Properties,Mahindra & Mahindra
MARUTI.NS,ONGC.NS,0.05503716883955371,Maruti Suzuki,ONGC
AXISBANK.NS,BAJFINANCE.NS,0.055017540462169334,Axis Bank,Bajaj Finance
BAJFINANCE.NS,DRREDDY.NS,0.05491678748855177,Bajaj Finance,Dr Reddy's
ONGC.NS,GODREJPROP.NS,0.054915446863029446,ONGC,Godrej Properties
BAJFINANCE.NS,DLF.NS,0.05486400729377983,Bajaj Finance,DLF
TCS.NS,WIPRO.NS,0.054799315821004224,TCS,Wipro
SUNPHARMA.NS,TCS.NS,0.054759320359782995,Sun Pharma,TCS
BAJFINANCE.NS,SBIN.NS,0.05462331828612867,Bajaj Finance,SBI
MARUTI.NS,SBIN.NS,0.054192020303934205,Maruti Suzuki,SBI
ICICIBANK.NS,AXISBANK.NS,0.05379600530219956,ICICI Bank,Axis Bank
M&M.NS,HDFCBANK.NS,0.0536421803840007,Mahindra & Mahindra,HDFC Bank
CL=F,RELIANCE.NS,0.053577588674242206,Crude Oil,Reliance
ONGC.NS,ITC.NS,0.05335468610314316,ONGC,ITC
AXISBANK.NS,SUNPHARMA.NS,0.053182497534444935,Axis Bank,Sun Pharma
HINDUNILVR.NS,DRREDDY.NS,0.05291732711208844,Hindustan Unilever,Dr Reddy's
RELIANCE.NS,DRREDDY.NS,0.05288767484585051,Reliance,Dr Reddy's
HDFCBANK.NS,GC=F,0.05287096780230984,HDFC Bank,Gold
INFY.NS,WIPRO.NS,0.052639251436518666,Infosys,Wipro
AXISBANK.NS,HCLTECH.NS,0.05249169090552979,Axis Bank,HCL Tech
ONGC.NS,DLF.NS,0.052462315414310054,ONGC,DLF
SUNPHARMA.NS,WIPRO.NS,0.05236288285059883,Sun Pharma,Wipro
DRREDDY.NS,INFY.NS,0.052160572948560455,Dr Reddy's,Infosys
RELIANCE.NS,SBIN.NS,0.05190606022134911,Reliance,SBI
AXISBANK.NS,RELIANCE.NS,0.05168159762363704,Axis Bank,Reliance
WIPRO.NS,DRREDDY.NS,0.05165833454446787,Wipro,Dr Reddy's
AXISBANK.NS,ONGC.NS,0.0514716175094237,Axis Bank,ONGC
HCLTECH.NS,RELIANCE.NS,0.05119482029637563,HCL Tech,Reliance
M&M.NS,ITC.NS,0.051067607448454774,Mahindra & Mahindra,ITC
RELIANCE.NS,ICICIBANK.NS,0.050888154124427605,Reliance,ICICI Bank
ONGC.NS,ICICIBANK.NS,0.05087982184934589,ONGC,ICICI Bank
WIPRO.NS,HDFCBANK.NS,0.05066377632058352,Wipro,HDFC Bank
HINDUNILVR.NS,HDFCBANK.NS,0.050661443780804706,Hindustan Unilever,HDFC Bank
SUNPHARMA.NS,ICICIBANK.NS,0.05046928235082571,Sun Pharma,ICICI Bank
SUNPHARMA.NS,DRREDDY.NS,0.05026705978464866,Sun Pharma,Dr Reddy's
HCLTECH.NS,MARUTI.NS,0.05016986678425224,HCL Tech,Maruti Suzuki
BAJFINANCE.NS,ICICIBANK.NS,0.05015932781005059,Bajaj Finance,ICICI Bank
MARUTI.NS,DLF.NS,0.04998330250465834,Maruti Suzuki,DLF
ITC.NS,^NSEI,0.049886167949605945,ITC,NIFTY 50
SUNPHARMA.NS,GODREJPROP.NS,0.04976850335330821,Sun Pharma,Godrej Properties
CL=F,TMPV.NS,0.049427631546041205,Crude Oil,Tata Motors Passenger Vehicles
ONGC.NS,DRREDDY.NS,0.04925743032139745,ONGC,Dr Reddy's
^NSEI,WIPRO.NS,0.04916819967627825,NIFTY 50,Wipro
AXISBANK.NS,ITC.NS,0.04916142571678208,Axis Bank,ITC
INFY.NS,GC=F,0.049158630912234866,Infosys,Gold
TMPV.NS,INR=X,0.04912263035873034,Tata Motors Passenger Vehicles,USD/INR
CL=F,INR=X,0.04902879805910588,Crude Oil,USD/INR
HINDUNILVR.NS,AXISBANK.NS,0.048602709304739776,Hindustan Unilever,Axis Bank
TMPV.NS,RELIANCE.NS,0.048425577318433485,Tata Motors Passenger Vehicles,Reliance
MARUTI.NS,TCS.NS,0.04841610808875808,Maruti Suzuki,TCS
RELIANCE.NS,AXISBANK.NS,0.04838577618413586,Reliance,Axis Bank
RELIANCE.NS,DLF.NS,0.0483162605883286,Reliance,DLF
ONGC.NS,BAJAJFINSV.NS,0.048232068688625715,ONGC,Bajaj Finserv
M&M.NS,MARUTI.NS,0.04800128127802991,Mahindra & Mahindra,Maruti Suzuki
BAJAJFINSV.NS,CL=F,0.047647855272070695,Bajaj Finserv,Crude Oil
INFY.NS,ITC.NS,0.0474917608141884,Infosys,ITC
DLF.NS,BAJAJFINSV.NS,0.04734366313489169,DLF,Bajaj Finserv
ITC.NS,DLF.NS,0.04733901123174458,ITC,DLF
GODREJPROP.NS,DLF.NS,0.04728870334235748,Godrej Properties,DLF
ONGC.NS,HCLTECH.NS,0.04727295291563998,ONGC,HCL Tech
GC=F,M&M.NS,0.0472489874535047,Gold,Mahindra & Mahindra
WIPRO.NS,INFY.NS,0.04710892681574612,Wipro,Infosys
HCLTECH.NS,INFY.NS,0.04702143678222124,HCL Tech,Infosys
DLF.NS,HDFCBANK.NS,0.046994606910549235,DLF,HDFC Bank
ICICIBANK.NS,ONGC.NS,0.04692515142137113,ICICI Bank,ONGC
ICICIBANK.NS,RELIANCE.NS,0.04687581977525461,ICICI Bank,Reliance
BAJAJFINSV.NS,TCS.NS,0.04677824165771326,Bajaj Finserv,TCS
ONGC.NS,M&M.NS,0.046747460083460306,ONGC,Mahindra & Mahindra
BAJFINANCE.NS,WIPRO.NS,0.04671476317917164,Bajaj Finance,Wipro
HINDUNILVR.NS,ONGC.NS,0.04655935001676331,Hindustan Unilever,ONGC
^NSEBANK,INR=X,0.04655913891910837,Bank Nifty,USD/INR
SBIN.NS,SUNPHARMA.NS,0.04652918538775989,SBI,Sun Pharma
SUNPHARMA.NS,CL=F,0.04643712516305647,Sun Pharma,Crude Oil
MARUTI.NS,M&M.NS,0.046289477855056375,Maruti Suzuki,Mahindra & Mahindra
ICICIBANK.NS,HDFCBANK.NS,0.0461873013669087,ICICI Bank,HDFC Bank
GODREJPROP.NS,INFY.NS,0.046167172130755746,Godrej Properties,Infosys
AXISBANK.NS,INR=X,0.04614427583068417,Axis Bank,USD/INR
ICICIBANK.NS,SBIN.NS,0.045872195413618956,ICICI Bank,SBI
HINDUNILVR.NS,GODREJPROP.NS,0.045742196204235024,Hindustan Unilever,Godrej Properties
GODREJPROP.NS,TMPV.NS,0.045719991510852064,Godrej Properties,Tata Motors Passenger Vehicles
HINDUNILVR.NS,TCS.NS,0.04564770477394646,Hindustan Unilever,TCS
INR=X,M&M.NS,0.04546159626662946,USD/INR,Mahindra & Mahindra
ITC.NS,GC=F,0.04541262504595934,ITC,Gold
TMPV.NS,SUNPHARMA.NS,0.04526344201669356,Tata Motors Passenger Vehicles,Sun Pharma
TCS.NS,GODREJPROP.NS,0.04523792328758109,TCS,Godrej Properties
ITC.NS,RELIANCE.NS,0.04510116496348125,ITC,Reliance
HCLTECH.NS,GC=F,0.04509010331393914,HCL Tech,Gold
GODREJPROP.NS,BAJFINANCE.NS,0.04500424743986908,Godrej Properties,Bajaj Finance
HINDUNILVR.NS,CL=F,0.04494164305674928,Hindustan Unilever,Crude Oil
TMPV.NS,SBIN.NS,0.044900934630776025,Tata Motors Passenger Vehicles,SBI
ITC.NS,CL=F,0.04485825770311614,ITC,Crude Oil
DLF.NS,TMPV.NS,0.044777395572250925,DLF,Tata Motors Passenger Vehicles
ONGC.NS,CL=F,0.04468474100257157,ONGC,Crude Oil
RELIANCE.NS,BAJAJFINSV.NS,0.044617663408931425,Reliance,Bajaj Finserv
CL=F,AXISBANK.NS,0.0446139859494728,Crude Oil,Axis Bank
BAJFINANCE.NS,HCLTECH.NS,0.04458745162921036,Bajaj Finance,HCL Tech
DRREDDY.NS,TMPV.NS,0.044443215632437076,Dr Reddy's,Tata Motors Passenger Vehicles
DRREDDY.NS,CL=F,0.04442500824012855,Dr Reddy's,Crude Oil
TMPV.NS,HDFCBANK.NS,0.044417295197974466,Tata Motors Passenger Vehicles,HDFC Bank
ONGC.NS,WIPRO.NS,0.044399446310430093,ONGC,Wipro
^NSEBANK,^NSEI,0.044222465366512545,Bank Nifty,NIFTY 50
M&M.NS,BAJAJFINSV.NS,0.04377285132511212,Mahindra & Mahindra,Bajaj Finserv
MARUTI.NS,ITC.NS,0.0437173195706448,Maruti Suzuki,ITC
GODREJPROP.NS,WIPRO.NS,0.04351934787655961,Godrej Properties,Wipro
TMPV.NS,^NSEI,0.04346017276652488,Tata Motors Passenger Vehicles,NIFTY 50
CL=F,WIPRO.NS,0.0434442238298992,Crude Oil,Wipro
CL=F,ICICIBANK.NS,0.04335739964020587,Crude Oil,ICICI Bank
BAJAJFINSV.NS,ICICIBANK.NS,0.04334055524973702,Bajaj Finserv,ICICI Bank
DRREDDY.NS,^NSEI,0.04327289232161486,Dr Reddy's,NIFTY 50
ITC.NS,TMPV.NS,0.04324457334128771,ITC,Tata Motors Passenger Vehicles
^NSEBANK,TMPV.NS,0.04312472473855696,Bank Nifty,Tata Motors Passenger Vehicles
ONGC.NS,^NSEBANK,0.04290670465117673,ONGC,Bank Nifty
TMPV.NS,GODREJPROP.NS,0.04253549224544171,Tata Motors Passenger Vehicles,Godrej Properties
HDFCBANK.NS,ITC.NS,0.04239639898058902,HDFC Bank,ITC
DRREDDY.NS,MARUTI.NS,0.04238330981800638,Dr Reddy's,Maruti Suzuki
DLF.NS,AXISBANK.NS,0.042316183565530956,DLF,Axis Bank
ICICIBANK.NS,WIPRO.NS,0.042170856945384284,ICICI Bank,Wipro
^NSEI,HCLTECH.NS,0.04214789879450236,NIFTY 50,HCL Tech
AXISBANK.NS,HDFCBANK.NS,0.042113566478351634,Axis Bank,HDFC Bank
MARUTI.NS,^NSEI,0.041907820399966135,Maruti Suzuki,NIFTY 50
TCS.NS,DLF.NS,0.04181296974478901,TCS,DLF
GODREJPROP.NS,INR=X,0.041805110093953886,Godrej Properties,USD/INR
BAJFINANCE.NS,HINDUNILVR.NS,0.041722202162031354,Bajaj Finance,Hindustan Unilever
DLF.NS,HCLTECH.NS,0.04128603905377732,DLF,HCL Tech
INR=X,DRREDDY.NS,0.04116545358830482,USD/INR,Dr Reddy's
CL=F,^NSEBANK,0.041157293870288846,Crude Oil,Bank Nifty
MARUTI.NS,HDFCBANK.NS,0.04113557869116489,Maruti Suzuki,HDFC Bank
GODREJPROP.NS,ONGC.NS,0.041127716217468,Godrej Properties,ONGC
INR=X,MARUTI.NS,0.04101906722669242,USD/INR,Maruti Suzuki
INR=X,SUNPHARMA.NS,0.040888114036672224,USD/INR,Sun Pharma
AXISBANK.NS,TCS.NS,0.04087303865540707,Axis Bank,TCS
SUNPHARMA.NS,DLF.NS,0.04075033693205438,Sun Pharma,DLF
INR=X,ICICIBANK.NS,0.04073901279715936,USD/INR,ICICI Bank
AXISBANK.NS,BAJAJFINSV.NS,0.040717927408375106,Axis Bank,Bajaj Finserv
RELIANCE.NS,M&M.NS,0.04067624984056978,Reliance,Mahindra & Mahindra
ICICIBANK.NS,MARUTI.NS,0.04061086583030102,ICICI Bank,Maruti Suzuki
GODREJPROP.NS,SBIN.NS,0.040582492794247,Godrej Properties,SBI
TMPV.NS,WIPRO.NS,0.040556754636573454,Tata Motors Passenger Vehicles,Wipro
HINDUNILVR.NS,M&M.NS,0.04051077670178753,Hindustan Unilever,Mahindra & Mahindra
HINDUNILVR.NS,BAJAJFINSV.NS,0.04039328763407346,Hindustan Unilever,Bajaj Finserv
DLF.NS,M&M.NS,0.04038762854541966,DLF,Mahindra & Mahindra
INFY.NS,HCLTECH.NS,0.04037477670067213,Infosys,HCL Tech
^NSEI,M&M.NS,0.04023798317471695,NIFTY 50,Mahindra & Mahindra
DRREDDY.NS,AXISBANK.NS,0.0401818991349818,Dr Reddy's,Axis Bank
ICICIBANK.NS,SUNPHARMA.NS,0.04010963183136393,ICICI Bank,Sun Pharma
^NSEBANK,DRREDDY.NS,0.04009785610801593,Bank Nifty,Dr Reddy's
ITC.NS,SUNPHARMA.NS,0.04009662867028386,ITC,Sun Pharma
^NSEBANK,M&M.NS,0.0400217571001846,Bank Nifty,Mahindra & Mahindra
SBIN.NS,HINDUNILVR.NS,0.03990344591172822,SBI,Hindustan Unilever
HINDUNILVR.NS,^NSEBANK,0.03988667348626363,Hindustan Unilever,Bank Nifty
GC=F,HDFCBANK.NS,0.039832651741817326,Gold,HDFC Bank
AXISBANK.NS,^NSEI,0.039585354249353305,Axis Bank,NIFTY 50
BAJFINANCE.NS,^NSEI,0.03931803926742682,Bajaj Finance,NIFTY 50
MARUTI.NS,HCLTECH.NS,0.03902141639089797,Maruti Suzuki,HCL Tech
MARUTI.NS,INFY.NS,0.03895701883564214,Maruti Suzuki,Infosys
ICICIBANK.NS,GC=F,0.03884901913350408,ICICI Bank,Gold
ITC.NS,GODREJPROP.NS,0.03876430675368293,ITC,Godrej Properties
TCS.NS,INFY.NS,0.03869208129346477,TCS,Infosys
TMPV.NS,GC=F,0.038688104834938605,Tata Motors Passenger Vehicles,Gold
SBIN.NS,GC=F,0.03856072676481695,SBI,Gold
TMPV.NS,CL=F,0.03837269336763447,Tata Motors Passenger Vehicles,Crude Oil
M&M.NS,WIPRO.NS,0.03828892666030778,Mahindra & Mahindra,Wipro
BAJFINANCE.NS,^NSEBANK,0.03824932602007259,Bajaj Finance,Bank Nifty
SUNPHARMA.NS,TMPV.NS,0.03818241635910423,Sun Pharma,Tata Motors Passenger Vehicles
ONGC.NS,TCS.NS,0.03814485538024953,ONGC,TCS
HINDUNILVR.NS,HCLTECH.NS,0.038036037165935385,Hindustan Unilever,HCL Tech
SBIN.NS,BAJAJFINSV.NS,0.0380290288036965,SBI,Bajaj Finserv
INR=X,DLF.NS,0.03798320371657316,USD/INR,DLF
HINDUNILVR.NS,SUNPHARMA.NS,0.03787286965795461,Hindustan Unilever,Sun Pharma
HINDUNILVR.NS,WIPRO.NS,0.03769395066966535,Hindustan Unilever,Wipro
SBIN.NS,TMPV.NS,0.03767842661256256,SBI,Tata Motors Passenger Vehicles
RELIANCE.NS,HDFCBANK.NS,0.03766940799602951,Reliance,HDFC Bank
INFY.NS,TCS.NS,0.03752334973034348,Infosys,TCS
GC=F,GODREJPROP.NS,0.0375196181294418,Gold,Godrej Properties
HDFCBANK.NS,ONGC.NS,0.037471305577735044,HDFC Bank,ONGC
GODREJPROP.NS,MARUTI.NS,0.037320107601941196,Godrej Properties,Maruti Suzuki
RELIANCE.NS,TCS.NS,0.037259711745154536,Reliance,TCS
TMPV.NS,INFY.NS,0.03693531589129606,Tata Motors Passenger Vehicles,Infosys
ONGC.NS,SUNPHARMA.NS,0.036858268499731006,ONGC,Sun Pharma
SUNPHARMA.NS,INR=X,0.03681952730118536,Sun Pharma,USD/INR
CL=F,BAJAJFINSV.NS,0.036701012578747604,Crude Oil,Bajaj Finserv
ITC.NS,AXISBANK.NS,0.03665342526777746,ITC,Axis Bank
BAJAJFINSV.NS,RELIANCE.NS,0.0366434701165919,Bajaj Finserv,Reliance
DRREDDY.NS,WIPRO.NS,0.03662889771905572,Dr Reddy's,Wipro
INFY.NS,CL=F,0.03658296474373275,Infosys,Crude Oil
BAJFINANCE.NS,RELIANCE.NS,0.03645019939590932,Bajaj Finance,Reliance
HCLTECH.NS,DRREDDY.NS,0.036437516900042495,HCL Tech,Dr Reddy's
AXISBANK.NS,M&M.NS,0.03639107371043126,Axis Bank,Mahindra & Mahindra
^NSEI,DRREDDY.NS,0.036383580444365356,NIFTY 50,Dr Reddy's
ICICIBANK.NS,GODREJPROP.NS,0.03630663088194395,ICICI Bank,Godrej Properties
GODREJPROP.NS,^NSEBANK,0.03628897194620191,Godrej Properties,Bank Nifty
WIPRO.NS,CL=F,0.03621996533929356,Wipro,Crude Oil
INR=X,ITC.NS,0.03619810777257432,USD/INR,ITC
SUNPHARMA.NS,GC=F,0.03596093039408274,Sun Pharma,Gold
WIPRO.NS,HCLTECH.NS,0.03591461970033361,Wipro,HCL Tech
BAJFINANCE.NS,HDFCBANK.NS,0.0359135549400771,Bajaj Finance,HDFC Bank
ONGC.NS,BAJFINANCE.NS,0.035892148363169694,ONGC,Bajaj Finance
INFY.NS,RELIANCE.NS,0.03588337176226494,Infosys,Reliance
TCS.NS,BAJFINANCE.NS,0.03584632113111306,TCS,Bajaj Finance
HINDUNILVR.NS,ITC.NS,0.03577172555470932,Hindustan Unilever,ITC
SUNPHARMA.NS,HINDUNILVR.NS,0.03576397315385863,Sun Pharma,Hindustan Unilever
DLF.NS,INR=X,0.035745016625301065,DLF,USD/INR
^NSEBANK,GODREJPROP.NS,0.035723968072030904,Bank Nifty,Godrej Properties
ONGC.NS,HDFCBANK.NS,0.03572344250318445,ONGC,HDFC Bank
AXISBANK.NS,CL=F,0.03568926017484309,Axis Bank,Crude Oil
M&M.NS,INFY.NS,0.03563257341330702,Mahindra & Mahindra,Infosys
INFY.NS,BAJAJFINSV.NS,0.03562902783077383,Infosys,Bajaj Finserv
INFY.NS,GODREJPROP.NS,0.03546448869760214,Infosys,Godrej Properties
TMPV.NS,TCS.NS,0.03538063249977694,Tata Motors Passenger Vehicles,TCS
WIPRO.NS,RELIANCE.NS,0.03529646408781686,Wipro,Reliance
MARUTI.NS,GC=F,0.035242590758105694,Maruti Suzuki,Gold
ITC.NS,M&M.NS,0.035203194607919944,ITC,Mahindra & Mahindra
INR=X,INFY.NS,0.03512288330522387,USD/INR,Infosys
TCS.NS,SBIN.NS,0.03511667283799974,TCS,SBI
HINDUNILVR.NS,^NSEI,0.035114614159802084,Hindustan Unilever,NIFTY 50
ITC.NS,BAJAJFINSV.NS,0.03509092670440984,ITC,Bajaj Finserv
M&M.NS,HINDUNILVR.NS,0.035056633226342504,Mahindra & Mahindra,Hindustan Unilever
M&M.NS,AXISBANK.NS,0.03499841070424195,Mahindra & Mahindra,Axis Bank
TMPV.NS,^NSEBANK,0.03490112318718308,Tata Motors Passenger Vehicles,Bank Nifty
DRREDDY.NS,TCS.NS,0.03482311152370342,Dr Reddy's,TCS
^NSEI,BAJFINANCE.NS,0.03476166692552817,NIFTY 50,Bajaj Finance
HINDUNILVR.NS,INFY.NS,0.034653056780387714,Hindustan Unilever,Infosys
GODREJPROP.NS,HINDUNILVR.NS,0.03463277100375862,Godrej Properties,Hindustan Unilever
GODREJPROP.NS,BAJAJFINSV.NS,0.03460961829598007,Godrej Properties,Bajaj Finserv
RELIANCE.NS,SUNPHARMA.NS,0.034582053795132836,Reliance,Sun Pharma
^NSEBANK,HDFCBANK.NS,0.03453350317303985,Bank Nifty,HDFC Bank
BAJFINANCE.NS,MARUTI.NS,0.03443692489892789,Bajaj Finance,Maruti Suzuki
SBIN.NS,GODREJPROP.NS,0.0340936558557058,SBI,Godrej Properties
M&M.NS,TCS.NS,0.034067281347158335,Mahindra & Mahindra,TCS
M&M.NS,^NSEI,0.03402822968817803,Mahindra & Mahindra,NIFTY 50
WIPRO.NS,ITC.NS,0.03399473881548711,Wipro,ITC
^NSEI,GODREJPROP.NS,0.03398484632768456,NIFTY 50,Godrej Properties
TMPV.NS,BAJFINANCE.NS,0.03389782069286057,Tata Motors Passenger Vehicles,Bajaj Finance
TMPV.NS,ICICIBANK.NS,0.0338648583720586,Tata Motors Passenger Vehicles,ICICI Bank
BAJAJFINSV.NS,INFY.NS,0.033784003238603186,Bajaj Finserv,Infosys
AXISBANK.NS,WIPRO.NS,0.03378262802569811,Axis Bank,Wipro
M&M.NS,INR=X,0.0337381863120572,Mahindra & Mahindra,USD/INR
SBIN.NS,HCLTECH.NS,0.03372888493889606,SBI,HCL Tech
INR=X,HCLTECH.NS,0.03371224191448344,USD/INR,HCL Tech
DRREDDY.NS,RELIANCE.NS,0.03363052999120231,Dr Reddy's,Reliance
MARUTI.NS,RELIANCE.NS,0.033611982877899176,Maruti Suzuki,Reliance
SBIN.NS,WIPRO.NS,0.033597031351822244,SBI,Wipro
BAJAJFINSV.NS,INR=X,0.03359192015377054,Bajaj Finserv,USD/INR
HCLTECH.NS,HINDUNILVR.NS,0.03348032292767264,HCL Tech,Hindustan Unilever
CL=F,GC=F,0.03343111532645443,Crude Oil,Gold
HDFCBANK.NS,MARUTI.NS,0.03335995928040315,HDFC Bank,Maruti Suzuki
DRREDDY.NS,GC=F,0.033355242668060725,Dr Reddy's,Gold
^NSEI,BAJAJFINSV.NS,0.033353497107209265,NIFTY 50,Bajaj Finserv
RELIANCE.NS,INR=X,0.0333095551149558,Reliance,USD/INR
TCS.NS,AXISBANK.NS,0.03324592901881649,TCS,Axis Bank
M&M.NS,^NSEBANK,0.03313600705349783,Mahindra & Mahindra,Bank Nifty
HDFCBANK.NS,^NSEBANK,0.0330619199698535,HDFC Bank,Bank Nifty
HINDUNILVR.NS,INR=X,0.03306059479802351,Hindustan Unilever,USD/INR
CL=F,HDFCBANK.NS,0.033031702861401134,Crude Oil,HDFC Bank
DRREDDY.NS,ITC.NS,0.03285922849518136,Dr Reddy's,ITC
AXISBANK.NS,MARUTI.NS,0.03284853300766248,Axis Bank,Maruti Suzuki
TCS.NS,RELIANCE.NS,0.03273779967136846,TCS,Reliance
BAJFINANCE.NS,INFY.NS,0.03270086559118281,Bajaj Finance,Infosys
HDFCBANK.NS,HCLTECH.NS,0.03264553387927769,HDFC Bank,HCL Tech
HDFCBANK.NS,DLF.NS,0.03257531269019268,HDFC Bank,DLF
M&M.NS,ICICIBANK.NS,0.032567761978655525,Mahindra & Mahindra,ICICI Bank
M&M.NS,DLF.NS,0.032467369750032345,Mahindra & Mahindra,DLF
ITC.NS,HINDUNILVR.NS,0.032462205972228264,ITC,Hindustan Unilever
^NSEI,TCS.NS,0.03223460229912911,NIFTY 50,TCS
MARUTI.NS,CL=F,0.032224860752176634,Maruti Suzuki,Crude Oil
CL=F,BAJFINANCE.NS,0.03220314788909669,Crude Oil,Bajaj Finance
CL=F,M&M.NS,0.03211393786473699,Crude Oil,Mahindra & Mahindra
GC=F,CL=F,0.03194372539433284,Gold,Crude Oil
AXISBANK.NS,INFY.NS,0.03194099753412503,Axis Bank,Infosys
HDFCBANK.NS,ICICIBANK.NS,0.03188043565198784,HDFC Bank,ICICI Bank
DRREDDY.NS,SUNPHARMA.NS,0.031775515417417924,Dr Reddy's,Sun Pharma
M&M.NS,DRREDDY.NS,0.03169938299042649,Mahindra & Mahindra,Dr Reddy's
ITC.NS,HCLTECH.NS,0.03169699584955436,ITC,HCL Tech
ONGC.NS,MARUTI.NS,0.03166461994554704,ONGC,Maruti Suzuki
HDFCBANK.NS,TCS.NS,0.03164529770264199,HDFC Bank,TCS
^NSEBANK,ICICIBANK.NS,0.03159533500513505,Bank Nifty,ICICI Bank
MARUTI.NS,SUNPHARMA.NS,0.03156204458750672,Maruti Suzuki,Sun Pharma
BAJFINANCE.NS,M&M.NS,0.03149230070662228,Bajaj Finance,Mahindra & Mahindra
HCLTECH.NS,M&M.NS,0.031387488639925125,HCL Tech,Mahindra & Mahindra
DLF.NS,DRREDDY.NS,0.031373087984563244,DLF,Dr Reddy's
MARUTI.NS,AXISBANK.NS,0.03128641206729069,Maruti Suzuki,Axis Bank
WIPRO.NS,SBIN.NS,0.03123643529921053,Wipro,SBI
DLF.NS,ICICIBANK.NS,0.03116233193595249,DLF,ICICI Bank
SBIN.NS,TCS.NS,0.031140413442863748,SBI,TCS
TCS.NS,HCLTECH.NS,0.031108141085049147,TCS,HCL Tech
SBIN.NS,DLF.NS,0.031103662876061016,SBI,DLF
BAJAJFINSV.NS,GODREJPROP.NS,0.030980859317074297,Bajaj Finserv,Godrej Properties
TMPV.NS,DLF.NS,0.030941797771334534,Tata Motors Passenger Vehicles,DLF
ITC.NS,INFY.NS,0.03093092141118892,ITC,Infosys
TCS.NS,BAJAJFINSV.NS,0.03080770145433283,TCS,Bajaj Finserv
HINDUNILVR.NS,BAJFINANCE.NS,0.03079269924529997,Hindustan Unilever,Bajaj Finance
GODREJPROP.NS,HCLTECH.NS,0.03076285714270408,Godrej Properties,HCL Tech
ICICIBANK.NS,INFY.NS,0.030756007087043437,ICICI Bank,Infosys
^NSEI,ICICIBANK.NS,0.03067088341792404,NIFTY 50,ICICI Bank
HCLTECH.NS,SUNPHARMA.NS,0.030633547321463048,HCL Tech,Sun Pharma
GODREJPROP.NS,CL=F,0.03056285746472776,Godrej Properties,Crude Oil
INR=X,GC=F,0.030538186385839206,USD/INR,Gold
BAJAJFINSV.NS,HDFCBANK.NS,0.030401328472452874,Bajaj Finserv,HDFC Bank
^NSEBANK,MARUTI.NS,0.03033340016623247,Bank Nifty,Maruti Suzuki
GODREJPROP.NS,SUNPHARMA.NS,0.030311750084187686,Godrej Properties,Sun Pharma
CL=F,^NSEI,0.03029307716640233,Crude Oil,NIFTY 50
CL=F,TCS.NS,0.03026002207428944,Crude Oil,TCS
TCS.NS,DRREDDY.NS,0.03025827685417818,TCS,Dr Reddy's
TMPV.NS,DRREDDY.NS,0.03022046644933329,Tata Motors Passenger Vehicles,Dr Reddy's
WIPRO.NS,ICICIBANK.NS,0.0301244941166388,Wipro,ICICI Bank
INFY.NS,INR=X,0.030110035539841217,Infosys,USD/INR
DRREDDY.NS,DLF.NS,0.030084406921571577,Dr Reddy's,DLF
ICICIBANK.NS,ITC.NS,0.030030275471352584,ICICI Bank,ITC
GC=F,MARUTI.NS,0.03000809719808427,Gold,Maruti Suzuki
WIPRO.NS,ONGC.NS,0.030003543295627207,Wipro,ONGC
MARUTI.NS,HINDUNILVR.NS,0.029993529787840603,Maruti Suzuki,Hindustan Unilever
HCLTECH.NS,GODREJPROP.NS,0.029975594556144305,HCL Tech,Godrej Properties
HDFCBANK.NS,INR=X,0.02995352199502045,HDFC Bank,USD/INR
DRREDDY.NS,SBIN.NS,0.029877239307547834,Dr Reddy's,SBI
DRREDDY.NS,^NSEBANK,0.02980355732295516,Dr Reddy's,Bank Nifty
INR=X,WIPRO.NS,0.029781866342250995,USD/INR,Wipro
BAJAJFINSV.NS,DRREDDY.NS,0.029713356457875394,Bajaj Finserv,Dr Reddy's
SBIN.NS,CL=F,0.02968003882898323,SBI,Crude Oil
HINDUNILVR.NS,MARUTI.NS,0.029551015195460283,Hindustan Unilever,Maruti Suzuki
DRREDDY.NS,ONGC.NS,0.029543038324602727,Dr Reddy's,ONGC
ITC.NS,BAJFINANCE.NS,0.0295071992508951,ITC,Bajaj Finance
HCLTECH.NS,ITC.NS,0.02947021876567732,HCL Tech,ITC
DLF.NS,ONGC.NS,0.02945535903114287,DLF,ONGC
GC=F,HINDUNILVR.NS,0.0293983919140345,Gold,Hindustan Unilever
ICICIBANK.NS,CL=F,0.029338013948806793,ICICI Bank,Crude Oil
CL=F,SBIN.NS,0.02924141880052925,Crude Oil,SBI
TMPV.NS,MARUTI.NS,0.02919256390542429,Tata Motors Passenger Vehicles,Maruti Suzuki
AXISBANK.NS,TMPV.NS,0.029094849718725092,Axis Bank,Tata Motors Passenger Vehicles
RELIANCE.NS,TMPV.NS,0.029045646191793516,Reliance,Tata Motors Passenger Vehicles
RELIANCE.NS,INFY.NS,0.0289537079191227,Reliance,Infosys
INFY.NS,BAJFINANCE.NS,0.028940824775871805,Infosys,Bajaj Finance
TCS.NS,GC=F,0.028926403065145368,TCS,Gold
CL=F,ITC.NS,0.02888509755155365,Crude Oil,ITC
GC=F,BAJAJFINSV.NS,0.028852251378602957,Gold,Bajaj Finserv
AXISBANK.NS,DLF.NS,0.02875265757834307,Axis Bank,DLF
INR=X,^NSEBANK,0.028652120065835694,USD/INR,Bank Nifty
INFY.NS,AXISBANK.NS,0.028640628390378828,Infosys,Axis Bank
HDFCBANK.NS,M&M.NS,0.028622803863610144,HDFC Bank,Mahindra & Mahindra
HDFCBANK.NS,AXISBANK.NS,0.028581774172987972,HDFC Bank,Axis Bank
RELIANCE.NS,WIPRO.NS,0.02857197340330437,Reliance,Wipro
DRREDDY.NS,INR=X,0.02851528842447646,Dr Reddy's,USD/INR
DRREDDY.NS,HDFCBANK.NS,0.028466162775661222,Dr Reddy's,HDFC Bank
BAJAJFINSV.NS,AXISBANK.NS,0.0283501644195853,Bajaj Finserv,Axis Bank
GC=F,^NSEI,0.028336646481307723,Gold,NIFTY 50
TMPV.NS,AXISBANK.NS,0.028298853353082118,Tata Motors Passenger Vehicles,Axis Bank
SBIN.NS,INR=X,0.028282159083439246,SBI,USD/INR
RELIANCE.NS,GC=F,0.028276623638826975,Reliance,Gold
DLF.NS,ITC.NS,0.028210045653099404,DLF,ITC
HINDUNILVR.NS,TMPV.NS,0.028190429190362513,Hindustan Unilever,Tata Motors Passenger Vehicles
INFY.NS,DRREDDY.NS,0.028177188758302014,Infosys,Dr Reddy's
TMPV.NS,HCLTECH.NS,0.028074920634565206,Tata Motors Passenger Vehicles,HCL Tech
HDFCBANK.NS,RELIANCE.NS,0.028070147296007212,HDFC Bank,Reliance
^NSEBANK,ONGC.NS,0.02806449483402518,Bank Nifty,ONGC
CL=F,GODREJPROP.NS,0.028028358480550807,Crude Oil,Godrej Properties
SBIN.NS,ONGC.NS,0.02788634259153385,SBI,ONGC
SUNPHARMA.NS,RELIANCE.NS,0.02787932639686788,Sun Pharma,Reliance
GC=F,HCLTECH.NS,0.027737470437231366,Gold,HCL Tech
WIPRO.NS,BAJFINANCE.NS,0.027716443799581634,Wipro,Bajaj Finance
ONGC.NS,GC=F,0.027710813505087143,ONGC,Gold
HINDUNILVR.NS,ICICIBANK.NS,0.027695377376129496,Hindustan Unilever,ICICI Bank
HDFCBANK.NS,INFY.NS,0.027685332441240367,HDFC Bank,Infosys
^NSEBANK,GC=F,0.02768254550745943,Bank Nifty,Gold
^NSEBANK,BAJAJFINSV.NS,0.027602835059837984,Bank Nifty,Bajaj Finserv
SBIN.NS,ICICIBANK.NS,0.027595462563632794,SBI,ICICI Bank
SUNPHARMA.NS,ONGC.NS,0.027573570461586514,Sun Pharma,ONGC
DLF.NS,WIPRO.NS,0.027546777984573733,DLF,Wipro
AXISBANK.NS,HINDUNILVR.NS,0.02753961680582222,Axis Bank,Hindustan Unilever
HINDUNILVR.NS,RELIANCE.NS,0.0275023557577383,Hindustan Unilever,Reliance
AXISBANK.NS,ICICIBANK.NS,0.027463781237333427,Axis Bank,ICICI Bank
HDFCBANK.NS,BAJAJFINSV.NS,0.027405425982319303,HDFC Bank,Bajaj Finserv
WIPRO.NS,GC=F,0.02737810615626786,Wipro,Gold
DRREDDY.NS,BAJFINANCE.NS,0.027271957071723203,Dr Reddy's,Bajaj Finance
BAJAJFINSV.NS,^NSEBANK,0.027260537487891305,Bajaj Finserv,Bank Nifty
M&M.NS,BAJFINANCE.NS,0.02724785027380992,Mahindra & Mahindra,Bajaj Finance
^NSEI,SBIN.NS,0.027246958158383024,NIFTY 50,SBI
WIPRO.NS,HINDUNILVR.NS,0.02722648298631152,Wipro,Hindustan Unilever
WIPRO.NS,TMPV.NS,0.027162748355535168,Wipro,Tata Motors Passenger Vehicles
CL=F,SUNPHARMA.NS,0.027101361491297698,Crude Oil,Sun Pharma
BAJFINANCE.NS,CL=F,0.027011807453451758,Bajaj Finance,Crude Oil
ICICIBANK.NS,HINDUNILVR.NS,0.027005619731364224,ICICI Bank,Hindustan Unilever
INR=X,TCS.NS,0.02694401308572577,USD/INR,TCS
BAJAJFINSV.NS,WIPRO.NS,0.02690896857426675,Bajaj Finserv,Wipro
DRREDDY.NS,M&M.NS,0.02683897718961148,Dr Reddy's,Mahindra & Mahindra
TCS.NS,M&M.NS,0.026814148902363572,TCS,Mahindra & Mahindra
SBIN.NS,AXISBANK.NS,0.02680504236694958,SBI,Axis Bank
BAJAJFINSV.NS,GC=F,0.02674429833200488,Bajaj Finserv,Gold
BAJFINANCE.NS,INR=X,0.026703084833281585,Bajaj Finance,USD/INR
HCLTECH.NS,WIPRO.NS,0.026684924942412785,HCL Tech,Wipro
GC=F,ITC.NS,0.026619203499347047,Gold,ITC
SBIN.NS,INFY.NS,0.026608298364389795,SBI,Infosys
HDFCBANK.NS,GODREJPROP.NS,0.026576333530308586,HDFC Bank,Godrej Properties
WIPRO.NS,TCS.NS,0.026547310764508426,Wipro,TCS
TCS.NS,TMPV.NS,0.026477102997059927,TCS,Tata Motors Passenger Vehicles
DRREDDY.NS,HINDUNILVR.NS,0.026457961449965414,Dr Reddy's,Hindustan Unilever
WIPRO.NS,SUNPHARMA.NS,0.026445746393167956,Wipro,Sun Pharma
GC=F,RELIANCE.NS,0.02644315296394185,Gold,Reliance
BAJAJFINSV.NS,TMPV.NS,0.026428649221016016,Bajaj Finserv,Tata Motors Passenger Vehicles
BAJAJFINSV.NS,BAJFINANCE.NS,0.026322923404953763,Bajaj Finserv,Bajaj Finance
GODREJPROP.NS,ITC.NS,0.026316246914257088,Godrej Properties,ITC
AXISBANK.NS,SBIN.NS,0.02630850131833722,Axis Bank,SBI
DLF.NS,TCS.NS,0.02629629070920057,DLF,TCS
ICICIBANK.NS,DRREDDY.NS,0.026281325540983926,ICICI Bank,Dr Reddy's
TCS.NS,ICICIBANK.NS,0.026238107638712985,TCS,ICICI Bank
M&M.NS,GODREJPROP.NS,0.02601797090000276,Mahindra & Mahindra,Godrej Properties
BAJFINANCE.NS,ITC.NS,0.026009544524919378,Bajaj Finance,ITC
RELIANCE.NS,MARUTI.NS,0.02598686797151991,Reliance,Maruti Suzuki
TMPV.NS,ONGC.NS,0.025845954183346703,Tata Motors Passenger Vehicles,ONGC
^NSEI,SUNPHARMA.NS,0.025747978501235204,NIFTY 50,Sun Pharma
^NSEI,ITC.NS,0.025745227973002514,NIFTY 50,ITC
BAJAJFINSV.NS,HCLTECH.NS,0.025735429622654665,Bajaj Finserv,HCL Tech
ITC.NS,ONGC.NS,0.02571246419022934,ITC,ONGC
^NSEBANK,DLF.NS,0.025690917368297834,Bank Nifty,DLF
TCS.NS,HINDUNILVR.NS,0.025544418284851895,TCS,Hindustan Unilever
INR=X,GODREJPROP.NS,0.02551115053677879,USD/INR,Godrej Properties
BAJFINANCE.NS,BAJAJFINSV.NS,0.02549360400307883,Bajaj Finance,Bajaj Finserv
TMPV.NS,ITC.NS,0.025487842931134264,Tata Motors Passenger Vehicles,ITC
INFY.NS,TMPV.NS,0.025378172803879873,Infosys,Tata Motors Passenger Vehicles
ONGC.NS,INR=X,0.025360402239002176,ONGC,USD/INR
^NSEBANK,INFY.NS,0.02529973779891764,Bank Nifty,Infosys
HDFCBANK.NS,WIPRO.NS,0.02522544463220102,HDFC Bank,Wipro
SBIN.NS,RELIANCE.NS,0.02511016874144938,SBI,Reliance
^NSEI,HINDUNILVR.NS,0.02508477038651768,NIFTY 50,Hindustan Unilever
TCS.NS,^NSEBANK,0.024992363068028083,TCS,Bank Nifty
HINDUNILVR.NS,SBIN.NS,0.02487557297115019,Hindustan Unilever,SBI
AXISBANK.NS,GODREJPROP.NS,0.02484320937276276,Axis Bank,Godrej Properties
BAJAJFINSV.NS,ITC.NS,0.024801800585121322,Bajaj Finserv,ITC
MARUTI.NS,TMPV.NS,0.024793273451159253,Maruti Suzuki,Tata Motors Passenger Vehicles
^NSEI,INFY.NS,0.024707579538030617,NIFTY 50,Infosys
^NSEBANK,HINDUNILVR.NS,0.024556375055968426,Bank Nifty,Hindustan Unilever
INR=X,BAJFINANCE.NS,0.02451931101658815,USD/INR,Bajaj Finance
INR=X,TMPV.NS,0.024399583434354735,USD/INR,Tata Motors Passenger Vehicles
AXISBANK.NS,^NSEBANK,0.024383404413583762,Axis Bank,Bank Nifty
HDFCBANK.NS,SUNPHARMA.NS,0.024253890515405437,HDFC Bank,Sun Pharma
ICICIBANK.NS,TCS.NS,0.024203662336615958,ICICI Bank,TCS
^NSEBANK,ITC.NS,0.02415705183423031,Bank Nifty,ITC
CL=F,DRREDDY.NS,0.024116775388740845,Crude Oil,Dr Reddy's
TCS.NS,ITC.NS,0.02405005232695163,TCS,ITC
TMPV.NS,M&M.NS,0.02404320592896538,Tata Motors Passenger Vehicles,Mahindra & Mahindra
ITC.NS,TCS.NS,0.023986674116595278,ITC,TCS
^NSEBANK,WIPRO.NS,0.023899877491291723,Bank Nifty,Wipro
INR=X,^NSEI,0.02387616811210507,USD/INR,NIFTY 50
GC=F,DLF.NS,0.023874395981569905,Gold,DLF
^NSEBANK,TCS.NS,0.023873516998566408,Bank Nifty,TCS
DLF.NS,HINDUNILVR.NS,0.023872973901605275,DLF,Hindustan Unilever
WIPRO.NS,^NSEBANK,0.023842078463667704,Wipro,Bank Nifty
HDFCBANK.NS,BAJFINANCE.NS,0.023825145025516924,HDFC Bank,Bajaj Finance
ITC.NS,WIPRO.NS,0.023763273168123655,ITC,Wipro
INFY.NS,SBIN.NS,0.023727210319832423,Infosys,SBI
BAJFINANCE.NS,GC=F,0.0236044832594707,Bajaj Finance,Gold
M&M.NS,RELIANCE.NS,0.02355281828136417,Mahindra & Mahindra,Reliance
INR=X,HINDUNILVR.NS,0.023365395987884088,USD/INR,Hindustan Unilever
INFY.NS,ONGC.NS,0.023231528963067207,Infosys,ONGC
GODREJPROP.NS,ICICIBANK.NS,0.02322372262736523,Godrej Properties,ICICI Bank
HCLTECH.NS,BAJAJFINSV.NS,0.023151084577171653,HCL Tech,Bajaj Finserv
HCLTECH.NS,BAJFINANCE.NS,0.023022584138928753,HCL Tech,Bajaj Finance
DRREDDY.NS,GODREJPROP.NS,0.022866358652867225,Dr Reddy's,Godrej Properties
GC=F,^NSEBANK,0.022861639861307542,Gold,Bank Nifty
HCLTECH.NS,CL=F,0.02272632571140125,HCL Tech,Crude Oil
INR=X,RELIANCE.NS,0.022696940376818204,USD/INR,Reliance
M&M.NS,HCLTECH.NS,0.022573082770045765,Mahindra & Mahindra,HCL Tech
^NSEBANK,SBIN.NS,0.02256879930539421,Bank Nifty,SBI
WIPRO.NS,DLF.NS,0.022560498300317092,Wipro,DLF
M&M.NS,CL=F,0.022475858817838205,Mahindra & Mahindra,Crude Oil
DLF.NS,GC=F,0.022321811848732477,DLF,Gold
DRREDDY.NS,BAJAJFINSV.NS,0.022153583182239773,Dr Reddy's,Bajaj Finserv
INR=X,ONGC.NS,0.022112500735327906,USD/INR,ONGC
BAJAJFINSV.NS,DLF.NS,0.02208053612477085,Bajaj Finserv,DLF
GC=F,SBIN.NS,0.022071260203441776,Gold,SBI
HDFCBANK.NS,^NSEI,0.021970915092411003,HDFC Bank,NIFTY 50
SBIN.NS,HDFCBANK.NS,0.02186207069224257,SBI,HDFC Bank
ICICIBANK.NS,INR=X,0.021662822439389117,ICICI Bank,USD/INR
M&M.NS,TMPV.NS,0.02163724515029463,Mahindra & Mahindra,Tata Motors Passenger Vehicles
HCLTECH.NS,ONGC.NS,0.02161673029858697,HCL Tech,ONGC
WIPRO.NS,M&M.NS,0.021600493751556843,Wipro,Mahindra & Mahindra
^NSEBANK,RELIANCE.NS,0.021581049597679494,Bank Nifty,Reliance
BAJAJFINSV.NS,^NSEI,0.021570791590907867,Bajaj Finserv,NIFTY 50
TCS.NS,SUNPHARMA.NS,0.02154771797976868,TCS,Sun Pharma
^NSEI,GC=F,0.02136501364403928,NIFTY 50,Gold
WIPRO.NS,BAJAJFINSV.NS,0.021300752661184686,Wipro,Bajaj Finserv
INR=X,SBIN.NS,0.02092012679629115,USD/INR,SBI
INFY.NS,^NSEI,0.02088890712934962,Infosys,NIFTY 50
^NSEBANK,AXISBANK.NS,0.020850126707237803,Bank Nifty,Axis Bank
GC=F,BAJFINANCE.NS,0.02083949463973104,Gold,Bajaj Finance
BAJFINANCE.NS,TMPV.NS,0.020775981073305947,Bajaj Finance,Tata Motors Passenger Vehicles
TCS.NS,^NSEI,0.020705648220859903,TCS,NIFTY 50
INFY.NS,M&M.NS,0.02058938352273572,Infosys,Mahindra & Mahindra
^NSEI,ONGC.NS,0.020496326902455123,NIFTY 50,ONGC
SBIN.NS,DRREDDY.NS,0.020443489732317764,SBI,Dr Reddy's
BAJAJFINSV.NS,HINDUNILVR.NS,0.020111083326146827,Bajaj Finserv,Hindustan Unilever
HCLTECH.NS,ICICIBANK.NS,0.020074344178113,HCL Tech,ICICI Bank
HCLTECH.NS,SBIN.NS,0.020035854292694725,HCL Tech,SBI
DLF.NS,INFY.NS,0.019941001588110553,DLF,Infosys
CL=F,DLF.NS,0.019773344472754188,Crude Oil,DLF
HDFCBANK.NS,DRREDDY.NS,0.019610520625145754,HDFC Bank,Dr Reddy's
GC=F,AXISBANK.NS,0.019610394994522443,Gold,Axis Bank
WIPRO.NS,MARUTI.NS,0.019259431422409788,Wipro,Maruti Suzuki
ONGC.NS,TMPV.NS,0.01913231181277081,ONGC,Tata Motors Passenger Vehicles
INFY.NS,HDFCBANK.NS,0.01908117793154708,Infosys,HDFC Bank
ITC.NS,INR=X,0.01901537370489155,ITC,USD/INR
RELIANCE.NS,HCLTECH.NS,0.018790769675844515,Reliance,HCL Tech
BAJAJFINSV.NS,SBIN.NS,0.018436816934854616,Bajaj Finserv,SBI
M&M.NS,ONGC.NS,0.01828469337406531,Mahindra & Mahindra,ONGC
INFY.NS,ICICIBANK.NS,0.018269669507688085,Infosys,ICICI Bank
AXISBANK.NS,DRREDDY.NS,0.018261079201764764,Axis Bank,Dr Reddy's
INFY.NS,SUNPHARMA.NS,0.01819844191419938,Infosys,Sun Pharma
GC=F,TMPV.NS,0.018186136155520994,Gold,Tata Motors Passenger Vehicles
HCLTECH.NS,TCS.NS,0.018137430278967682,HCL Tech,TCS
BAJAJFINSV.NS,ONGC.NS,0.018110308374905022,Bajaj Finserv,ONGC
INR=X,HDFCBANK.NS,0.017892586397881573,USD/INR,HDFC Bank
M&M.NS,SBIN.NS,0.017890469092098748,Mahindra & Mahindra,SBI
INFY.NS,MARUTI.NS,0.017869082661411045,Infosys,Maruti Suzuki
INR=X,BAJAJFINSV.NS,0.017854546807428182,USD/INR,Bajaj Finserv
ICICIBANK.NS,HCLTECH.NS,0.017768538651342137,ICICI Bank,HCL Tech
SBIN.NS,^NSEBANK,0.017727990175839096,SBI,Bank Nifty
GODREJPROP.NS,DRREDDY.NS,0.017659705153702184,Godrej Properties,Dr Reddy's
INFY.NS,DLF.NS,0.01763110212691922,Infosys,DLF
DLF.NS,CL=F,0.01762421846969841,DLF,Crude Oil
^NSEBANK,BAJFINANCE.NS,0.017622047836041706,Bank Nifty,Bajaj Finance
BAJFINANCE.NS,ONGC.NS,0.017621590365814403,Bajaj Finance,ONGC
SBIN.NS,^NSEI,0.01762152780358814,SBI,NIFTY 50
WIPRO.NS,GODREJPROP.NS,0.017489536840829777,Wipro,Godrej Properties
TMPV.NS,HINDUNILVR.NS,0.017457840257695412,Tata Motors Passenger Vehicles,Hindustan Unilever
^NSEBANK,HCLTECH.NS,0.0173449561141823,Bank Nifty,HCL Tech
TCS.NS,HDFCBANK.NS,0.017253534872347168,TCS,HDFC Bank
WIPRO.NS,AXISBANK.NS,0.017035375158235576,Wipro,Axis Bank
TCS.NS,INR=X,0.016564627280573115,TCS,USD/INR
BAJAJFINSV.NS,M&M.NS,0.01647711178164587,Bajaj Finserv,Mahindra & Mahindra
TCS.NS,MARUTI.NS,0.016445988997063277,TCS,Maruti Suzuki
TCS.NS,ONGC.NS,0.016398725240627104,TCS,ONGC
WIPRO.NS,^NSEI,0.016279745280390542,Wipro,NIFTY 50
GC=F,ICICIBANK.NS,0.0162290882754142,Gold,ICICI Bank
HCLTECH.NS,^NSEI,0.016208454384089542,HCL Tech,NIFTY 50
HDFCBANK.NS,CL=F,0.01605140604237666,HDFC Bank,Crude Oil
HDFCBANK.NS,SBIN.NS,0.01563673029898411,HDFC Bank,SBI
INFY.NS,HINDUNILVR.NS,0.015595877703775074,Infosys,Hindustan Unilever
HCLTECH.NS,HDFCBANK.NS,0.015572741026044652,HCL Tech,HDFC Bank
WIPRO.NS,INR=X,0.015529547530091692,Wipro,USD/INR
HDFCBANK.NS,HINDUNILVR.NS,0.01540752018490288,HDFC Bank,Hindustan Unilever
HCLTECH.NS,AXISBANK.NS,0.015376582108744853,HCL Tech,Axis Bank
^NSEI,CL=F,0.0151116890738093,NIFTY 50,Crude Oil
BAJAJFINSV.NS,MARUTI.NS,0.01490463950495706,Bajaj Finserv,Maruti Suzuki
SBIN.NS,MARUTI.NS,0.014430046128879832,SBI,Maruti Suzuki
GC=F,ONGC.NS,0.013999938418308162,Gold,ONGC
HCLTECH.NS,INR=X,0.013805649452070114,HCL Tech,USD/INR
HCLTECH.NS,^NSEBANK,0.013317953566407772,HCL Tech,Bank Nifty
M&M.NS,SUNPHARMA.NS,0.012117818623780386,Mahindra & Mahindra,Sun Pharma
INFY.NS,^NSEBANK,0.009334850608322849,Infosys,Bank Nifty
